{"mean": 16.806020066889634, "std": 4.672823716399662}